{
  "parameter": "assimilation_weights",
  "values": {
    "0.3_0.7": {
      "cells": {
        "NONE": {
          "mean": 480.6,
          "std": 18.106200119258062,
          "n": 30
        },
        "LOCAL": {
          "mean": 406.73333333333335,
          "std": 18.064889423549136,
          "n": 30
        },
        "NEIGHBOR": {
          "mean": 335.43333333333334,
          "std": 13.738150589114804,
          "n": 30
        },
        "GLOBAL": {
          "mean": 263.03333333333336,
          "std": 15.56185285779994,
          "n": 30
        }
      },
      "ordering_holds": true,
      "means": [
        480.6,
        406.73333333333335,
        335.43333333333334,
        263.03333333333336
      ]
    },
    "0.5_0.5": {
      "cells": {
        "NONE": {
          "mean": 480.6,
          "std": 18.106200119258062,
          "n": 30
        },
        "LOCAL": {
          "mean": 406.73333333333335,
          "std": 18.064889423549136,
          "n": 30
        },
        "NEIGHBOR": {
          "mean": 334.0,
          "std": 17.314534456585193,
          "n": 30
        },
        "GLOBAL": {
          "mean": 266.56666666666666,
          "std": 14.163292363525956,
          "n": 30
        }
      },
      "ordering_holds": true,
      "means": [
        480.6,
        406.73333333333335,
        334.0,
        266.56666666666666
      ]
    },
    "0.7_0.3": {
      "cells": {
        "NONE": {
          "mean": 480.6,
          "std": 18.106200119258062,
          "n": 30
        },
        "LOCAL": {
          "mean": 406.73333333333335,
          "std": 18.064889423549136,
          "n": 30
        },
        "NEIGHBOR": {
          "mean": 335.0,
          "std": 14.046720073653715,
          "n": 30
        },
        "GLOBAL": {
          "mean": 262.1666666666667,
          "std": 17.655873953375156,
          "n": 30
        }
      },
      "ordering_holds": true,
      "means": [
        480.6,
        406.73333333333335,
        335.0,
        262.1666666666667
      ]
    },
    "0.9_0.1": {
      "cells": {
        "NONE": {
          "mean": 480.6,
          "std": 18.106200119258062,
          "n": 30
        },
        "LOCAL": {
          "mean": 406.73333333333335,
          "std": 18.064889423549136,
          "n": 30
        },
        "NEIGHBOR": {
          "mean": 336.53333333333336,
          "std": 13.13519445357903,
          "n": 30
        },
        "GLOBAL": {
          "mean": 262.1,
          "std": 14.394323593838577,
          "n": 30
        }
      },
      "ordering_holds": true,
      "means": [
        480.6,
        406.73333333333335,
        336.53333333333336,
        262.1
      ]
    }
  }
}