{
  "parameter": "deployment_window_days",
  "values": {
    "1": {
      "cells": {
        "NONE": {
          "mean": 419.3,
          "std": 17.879192298350038,
          "n": 30
        },
        "LOCAL": {
          "mean": 360.6666666666667,
          "std": 13.337355715105764,
          "n": 30
        },
        "NEIGHBOR": {
          "mean": 300.76666666666665,
          "std": 14.063117163979545,
          "n": 30
        },
        "GLOBAL": {
          "mean": 230.26666666666668,
          "std": 14.717883406047997,
          "n": 30
        }
      },
      "ordering_holds": true,
      "means": [
        419.3,
        360.6666666666667,
        300.76666666666665,
        230.26666666666668
      ]
    },
    "3": {
      "cells": {
        "NONE": {
          "mean": 480.6,
          "std": 18.106200119258062,
          "n": 30
        },
        "LOCAL": {
          "mean": 406.73333333333335,
          "std": 18.064889423549136,
          "n": 30
        },
        "NEIGHBOR": {
          "mean": 335.0,
          "std": 14.046720073653715,
          "n": 30
        },
        "GLOBAL": {
          "mean": 262.1666666666667,
          "std": 17.655873953375156,
          "n": 30
        }
      },
      "ordering_holds": true,
      "means": [
        480.6,
        406.73333333333335,
        335.0,
        262.1666666666667
      ]
    },
    "5": {
      "cells": {
        "NONE": {
          "mean": 514.0666666666667,
          "std": 21.70957731339873,
          "n": 30
        },
        "LOCAL": {
          "mean": 430.5,
          "std": 17.075390640253048,
          "n": 30
        },
        "NEIGHBOR": {
          "mean": 350.1,
          "std": 17.187304857826373,
          "n": 30
        },
        "GLOBAL": {
          "mean": 283.6333333333333,
          "std": 14.51154910653113,
          "n": 30
        }
      },
      "ordering_holds": true,
      "means": [
        514.0666666666667,
        430.5,
        350.1,
        283.6333333333333
      ]
    },
    "7": {
      "cells": {
        "NONE": {
          "mean": 530.6666666666666,
          "std": 23.11042955081079,
          "n": 30
        },
        "LOCAL": {
          "mean": 441.8333333333333,
          "std": 18.558543591291993,
          "n": 30
        },
        "NEIGHBOR": {
          "mean": 360.43333333333334,
          "std": 15.165030857849917,
          "n": 30
        },
        "GLOBAL": {
          "mean": 287.73333333333335,
          "std": 12.514635110702308,
          "n": 30
        }
      },
      "ordering_holds": true,
      "means": [
        530.6666666666666,
        441.8333333333333,
        360.43333333333334,
        287.73333333333335
      ]
    }
  }
}