{
  "parameter": "relevance_floor",
  "values": {
    "0.0": {
      "cells": {
        "NONE": {
          "mean": 480.6,
          "std": 18.106200119258062,
          "n": 30
        },
        "LOCAL": {
          "mean": 406.73333333333335,
          "std": 18.064889423549136,
          "n": 30
        },
        "NEIGHBOR": {
          "mean": 363.4,
          "std": 14.320470036593266,
          "n": 30
        },
        "GLOBAL": {
          "mean": 286.5,
          "std": 14.231461019818756,
          "n": 30
        }
      },
      "ordering_holds": true,
      "means": [
        480.6,
        406.73333333333335,
        363.4,
        286.5
      ]
    },
    "0.25": {
      "cells": {
        "NONE": {
          "mean": 480.6,
          "std": 18.106200119258062,
          "n": 30
        },
        "LOCAL": {
          "mean": 406.73333333333335,
          "std": 18.064889423549136,
          "n": 30
        },
        "NEIGHBOR": {
          "mean": 352.56666666666666,
          "std": 10.778917268040624,
          "n": 30
        },
        "GLOBAL": {
          "mean": 274.0,
          "std": 16.72083152527265,
          "n": 30
        }
      },
      "ordering_holds": true,
      "means": [
        480.6,
        406.73333333333335,
        352.56666666666666,
        274.0
      ]
    },
    "0.5": {
      "cells": {
        "NONE": {
          "mean": 480.6,
          "std": 18.106200119258062,
          "n": 30
        },
        "LOCAL": {
          "mean": 406.73333333333335,
          "std": 18.064889423549136,
          "n": 30
        },
        "NEIGHBOR": {
          "mean": 335.0,
          "std": 14.046720073653715,
          "n": 30
        },
        "GLOBAL": {
          "mean": 262.1666666666667,
          "std": 17.655873953375156,
          "n": 30
        }
      },
      "ordering_holds": true,
      "means": [
        480.6,
        406.73333333333335,
        335.0,
        262.1666666666667
      ]
    },
    "0.75": {
      "cells": {
        "NONE": {
          "mean": 480.6,
          "std": 18.106200119258062,
          "n": 30
        },
        "LOCAL": {
          "mean": 406.73333333333335,
          "std": 18.064889423549136,
          "n": 30
        },
        "NEIGHBOR": {
          "mean": 322.7,
          "std": 15.95067829062559,
          "n": 30
        },
        "GLOBAL": {
          "mean": 264.2,
          "std": 14.995171636690028,
          "n": 30
        }
      },
      "ordering_holds": true,
      "means": [
        480.6,
        406.73333333333335,
        322.7,
        264.2
      ]
    }
  }
}