{
  "experiment": "Robustness: Deployment x Learning",
  "configurations": {
    "dep0.05_exp0.2": {
      "total_incidents": {
        "mean": 310.67,
        "std": 14.241527305735154,
        "ci_lower": 307.87866064807594,
        "ci_upper": 313.4613393519241,
        "min": 282.0,
        "max": 350.0,
        "n": 100
      },
      "total_engineering_cost": {
        "mean": 910.5343119173272,
        "std": 40.38389983722543,
        "ci_lower": 902.619067549231,
        "ci_upper": 918.4495562854233,
        "min": 813.9364574079411,
        "max": 1022.6311073727566,
        "n": 100
      },
      "total_learning_cost": {
        "mean": 1634.92,
        "std": 87.89785890452622,
        "ci_lower": 1617.692019654713,
        "ci_upper": 1652.1479803452871,
        "min": 1478.0,
        "max": 1904.0,
        "n": 100
      },
      "overall_availability": {
        "mean": 0.9903257887064784,
        "std": 0.0004806507846057864,
        "ci_lower": 0.9902315811526956,
        "ci_upper": 0.9904199962602611,
        "min": 0.9891162042679965,
        "max": 0.9917550037113841,
        "n": 100
      },
      "final_prevention_knowledge": {
        "mean": 0.8683214507750431,
        "std": 0.019090469405890202,
        "ci_lower": 0.8645797187714886,
        "ci_upper": 0.8720631827785975,
        "min": 0.8127540010787506,
        "max": 0.9085690632784309,
        "n": 100
      },
      "final_detection_knowledge": {
        "mean": 0.8684362432235985,
        "std": 0.021069950490415157,
        "ci_lower": 0.8643065329274771,
        "ci_upper": 0.8725659535197199,
        "min": 0.8062036596850105,
        "max": 0.9168079776854269,
        "n": 100
      },
      "final_mitigation_knowledge": {
        "mean": 0.8677512186715164,
        "std": 0.01876239029154346,
        "ci_lower": 0.8640737901743739,
        "ci_upper": 0.8714286471686589,
        "min": 0.8057413654051478,
        "max": 0.9115447265852776,
        "n": 100
      },
      "transformation_rate": {
        "mean": 0.1402088432219953,
        "std": 0.004990536764134027,
        "ci_lower": 0.13923069801622504,
        "ci_upper": 0.1411869884277656,
        "min": 0.127361673414305,
        "max": 0.1543859649122807,
        "n": 100
      }
    },
    "dep0.05_exp0.6": {
      "total_incidents": {
        "mean": 309.28,
        "std": 12.618304164981916,
        "ci_lower": 306.8068123836635,
        "ci_upper": 311.75318761633645,
        "min": 280.0,
        "max": 343.0,
        "n": 100
      },
      "total_engineering_cost": {
        "mean": 900.9454817598422,
        "std": 39.089409274403835,
        "ci_lower": 893.283957542059,
        "ci_upper": 908.6070059776254,
        "min": 813.5740440523764,
        "max": 992.8164865563224,
        "n": 100
      },
      "total_learning_cost": {
        "mean": 1644.58,
        "std": 89.30321158838579,
        "ci_lower": 1627.0765705286763,
        "ci_upper": 1662.0834294713236,
        "min": 1396.0,
        "max": 1896.0,
        "n": 100
      },
      "overall_availability": {
        "mean": 0.990450328220554,
        "std": 0.00043671530753501694,
        "ci_lower": 0.9903647320202772,
        "ci_upper": 0.9905359244208308,
        "min": 0.9893218886006149,
        "max": 0.9915862726102308,
        "n": 100
      },
      "final_prevention_knowledge": {
        "mean": 0.8643610230139016,
        "std": 0.01923254828668571,
        "ci_lower": 0.8605914435497112,
        "ci_upper": 0.868130602478092,
        "min": 0.8200888514205912,
        "max": 0.9115574735759724,
        "n": 100
      },
      "final_detection_knowledge": {
        "mean": 0.8656580934297124,
        "std": 0.019929872311216287,
        "ci_lower": 0.8617518384567141,
        "ci_upper": 0.8695643484027108,
        "min": 0.8153824577871626,
        "max": 0.9112905141575058,
        "n": 100
      },
      "final_mitigation_knowledge": {
        "mean": 0.8640957861283373,
        "std": 0.020701302328573364,
        "ci_lower": 0.8600383308719369,
        "ci_upper": 0.8681532413847376,
        "min": 0.8168097549518976,
        "max": 0.9146093333381782,
        "n": 100
      },
      "transformation_rate": {
        "mean": 0.14027835859478938,
        "std": 0.005209130213208975,
        "ci_lower": 0.1392573690730004,
        "ci_upper": 0.14129934811657835,
        "min": 0.12760675273088382,
        "max": 0.15216989843028625,
        "n": 100
      }
    },
    "dep0.05_exp0.9": {
      "total_incidents": {
        "mean": 310.12,
        "std": 15.278272153617372,
        "ci_lower": 307.125458657891,
        "ci_upper": 313.114541342109,
        "min": 271.0,
        "max": 346.0,
        "n": 100
      },
      "total_engineering_cost": {
        "mean": 905.3493509309815,
        "std": 43.81461028000368,
        "ci_lower": 896.7616873161007,
        "ci_upper": 913.9370145458622,
        "min": 789.6737599972053,
        "max": 1032.8625749273792,
        "n": 100
      },
      "total_learning_cost": {
        "mean": 1653.62,
        "std": 100.08903836085149,
        "ci_lower": 1634.002548481273,
        "ci_upper": 1673.2374515187269,
        "min": 1418.0,
        "max": 1862.0,
        "n": 100
      },
      "overall_availability": {
        "mean": 0.9904156709767585,
        "std": 0.00047913984411462673,
        "ci_lower": 0.990321759567312,
        "ci_upper": 0.990509582386205,
        "min": 0.9891024190251597,
        "max": 0.9914045477176218,
        "n": 100
      },
      "final_prevention_knowledge": {
        "mean": 0.8689626181748086,
        "std": 0.021209186744683348,
        "ci_lower": 0.8648056175728507,
        "ci_upper": 0.8731196187767665,
        "min": 0.8094633354631598,
        "max": 0.9184452683798634,
        "n": 100
      },
      "final_detection_knowledge": {
        "mean": 0.8690819518341287,
        "std": 0.021748672660845215,
        "ci_lower": 0.864819211992603,
        "ci_upper": 0.8733446916756544,
        "min": 0.8046486668976054,
        "max": 0.9186478244762291,
        "n": 100
      },
      "final_mitigation_knowledge": {
        "mean": 0.8681396515552904,
        "std": 0.020269835462925604,
        "ci_lower": 0.8641667638045569,
        "ci_upper": 0.8721125393060238,
        "min": 0.8046291145936848,
        "max": 0.903356452050846,
        "n": 100
      },
      "transformation_rate": {
        "mean": 0.14047360872461992,
        "std": 0.005210605261309264,
        "ci_lower": 0.1394523300934033,
        "ci_upper": 0.14149488735583654,
        "min": 0.12660028449502134,
        "max": 0.15246179966044143,
        "n": 100
      }
    },
    "dep0.1_exp0.2": {
      "total_incidents": {
        "mean": 335.15,
        "std": 16.214422592247928,
        "ci_lower": 331.9719731719194,
        "ci_upper": 338.32802682808057,
        "min": 297.0,
        "max": 380.0,
        "n": 100
      },
      "total_engineering_cost": {
        "mean": 963.1535875277581,
        "std": 47.28545115542878,
        "ci_lower": 953.885639101294,
        "ci_upper": 972.4215359542221,
        "min": 855.5865450961062,
        "max": 1079.2729675189034,
        "n": 100
      },
      "total_learning_cost": {
        "mean": 1763.0,
        "std": 96.37696820298925,
        "ci_lower": 1744.110114232214,
        "ci_upper": 1781.889885767786,
        "min": 1558.0,
        "max": 2018.0,
        "n": 100
      },
      "overall_availability": {
        "mean": 0.9897023505783629,
        "std": 0.0004921132868329238,
        "ci_lower": 0.9896058963741436,
        "ci_upper": 0.9897988047825821,
        "min": 0.9884261518670242,
        "max": 0.9906964150681735,
        "n": 100
      },
      "final_prevention_knowledge": {
        "mean": 0.888164631190353,
        "std": 0.019033890007405196,
        "ci_lower": 0.8844339887489017,
        "ci_upper": 0.8918952736318044,
        "min": 0.8358254251960652,