{
  "0.3": {
    "total_incidents": {
      "mean": 373.95,
      "std": 16.222438164468375,
      "ci_lower": 370.7704021197642,
      "ci_upper": 377.1295978802358,
      "n": 100
    },
    "overall_availability": {
      "mean": 0.9880801668313414,
      "std": 0.0005356414864493723,
      "ci_lower": 0.9879751810999973,
      "ci_upper": 0.9881851525626855,
      "n": 100
    },
    "final_prevention_knowledge": {
      "mean": 0.7247161454052923,
      "std": 0.0222379896856122,
      "ci_lower": 0.7203574994269123,
      "ci_upper": 0.7290747913836723,
      "n": 100
    },
    "transformation_rate": {
      "mean": 0.0465940060549742,
      "std": 0.002501930962596306,
      "ci_lower": 0.046103627586305325,
      "ci_upper": 0.04708438452364307,
      "n": 100
    }
  },
  "0.5": {
    "total_incidents": {
      "mean": 358.3,
      "std": 14.793579688500008,
      "ci_lower": 355.400458381054,
      "ci_upper": 361.199541618946,
      "n": 100
    },
    "overall_availability": {
      "mean": 0.988805872560382,
      "std": 0.0004469535058635697,
      "ci_lower": 0.9887182696732327,
      "ci_upper": 0.9888934754475313,
      "n": 100
    },
    "final_prevention_knowledge": {
      "mean": 0.7998892283412016,
      "std": 0.02185300119352692,
      "ci_lower": 0.7956060401072703,
      "ci_upper": 0.8041724165751328,
      "n": 100
    },
    "transformation_rate": {
      "mean": 0.07767670001724686,
      "std": 0.0032488714057651987,
      "ci_lower": 0.07703992122171688,
      "ci_upper": 0.07831347881277684,
      "n": 100
    }
  },
  "0.7": {
    "total_incidents": {
      "mean": 344.57,
      "std": 15.628342842412948,
      "ci_lower": 341.50684480288703,
      "ci_upper": 347.63315519711296,
      "n": 100
    },
    "overall_availability": {
      "mean": 0.9893234369084047,
      "std": 0.0005048308796051659,
      "ci_lower": 0.9892244900560021,
      "ci_upper": 0.9894223837608074,
      "n": 100
    },
    "final_prevention_knowledge": {
      "mean": 0.8499319606496428,
      "std": 0.020295746281476686,
      "ci_lower": 0.8459539943784734,
      "ci_upper": 0.8539099269208122,
      "n": 100
    },
    "transformation_rate": {
      "mean": 0.1088017380383231,
      "std": 0.004131137490896898,
      "ci_lower": 0.10799203509010731,
      "ci_upper": 0.1096114409865389,
      "n": 100
    }
  },
  "0.9": {
    "total_incidents": {
      "mean": 335.96,
      "std": 14.525095524642857,
      "ci_lower": 333.11308127716995,
      "ci_upper": 338.80691872283,
      "n": 100
    },
    "overall_availability": {
      "mean": 0.9897349678252414,
      "std": 0.0004693831638631849,
      "ci_lower": 0.9896429687251243,
      "ci_upper": 0.9898269669253585,
      "n": 100
    },
    "final_prevention_knowledge": {
      "mean": 0.8899004531612575,
      "std": 0.019732712324088686,
      "ci_lower": 0.8860328415457361,
      "ci_upper": 0.893768064776779,
      "n": 100
    },
    "transformation_rate": {
      "mean": 0.14028278615755163,
      "std": 0.004603257974239958,
      "ci_lower": 0.1393805475946006,
      "ci_upper": 0.14118502472050265,
      "n": 100
    }
  },
  "1.0": {
    "total_incidents": {
      "mean": 330.08,
      "std": 13.599029377128353,
      "ci_lower": 327.41459024208285,
      "ci_upper": 332.7454097579171,
      "n": 100
    },
    "overall_availability": {
      "mean": 0.9899030397569125,
      "std": 0.00046215718843883456,
      "ci_lower": 0.9898124569479785,
      "ci_upper": 0.9899936225658466,
      "n": 100
    },
    "final_prevention_knowledge": {
      "mean": 0.9043967250758485,
      "std": 0.017282202618695973,
      "ci_lower": 0.901009413362584,
      "ci_upper": 0.9077840367891129,
      "n": 100
    },
    "transformation_rate": {
      "mean": 0.1557832292459455,
      "std": 0.005135064035030349,
      "ci_lower": 0.15477675669507956,
      "ci_upper": 0.15678970179681145,
      "n": 100
    }
  }
}