{
  "0.0": {
    "total_incidents": {
      "mean": 335.96,
      "std": 14.525095524642857,
      "ci_lower": 333.11308127716995,
      "ci_upper": 338.80691872283,
      "n": 100
    },
    "overall_availability": {
      "mean": 0.9885434429749708,
      "std": 0.0005550072293458312,
      "ci_lower": 0.988434661558019,
      "ci_upper": 0.9886522243919226,
      "n": 100
    },
    "final_prevention_knowledge": {
      "mean": 0.8899004531612575,
      "std": 0.019732712324088686,
      "ci_lower": 0.8860328415457361,
      "ci_upper": 0.893768064776779,
      "n": 100
    },
    "final_detection_knowledge": {
      "mean": 0.8906297898719293,
      "std": 0.020335136243763565,
      "ci_lower": 0.8866441031681517,
      "ci_upper": 0.894615476575707,
      "n": 100
    },
    "final_mitigation_knowledge": {
      "mean": 0.8903206417684357,
      "std": 0.020263058651600822,
      "ci_lower": 0.886349082272722,
      "ci_upper": 0.8942922012641494,
      "n": 100
    },
    "transformation_rate": {
      "mean": 0.14028278615755163,
      "std": 0.004603257974239958,
      "ci_lower": 0.1393805475946006,
      "ci_upper": 0.14118502472050265,
      "n": 100
    }
  },
  "0.1": {
    "total_incidents": {
      "mean": 335.96,
      "std": 14.525095524642857,
      "ci_lower": 333.11308127716995,
      "ci_upper": 338.80691872283,
      "n": 100
    },
    "overall_availability": {
      "mean": 0.9889420249717954,
      "std": 0.0005259842307730024,
      "ci_lower": 0.9888389320625639,
      "ci_upper": 0.9890451178810269,
      "n": 100
    },
    "final_prevention_knowledge": {
      "mean": 0.8899004531612575,
      "std": 0.019732712324088686,
      "ci_lower": 0.8860328415457361,
      "ci_upper": 0.893768064776779,
      "n": 100
    },
    "final_detection_knowledge": {
      "mean": 0.8906297898719293,
      "std": 0.020335136243763565,
      "ci_lower": 0.8866441031681517,
      "ci_upper": 0.894615476575707,
      "n": 100
    },
    "final_mitigation_knowledge": {
      "mean": 0.8903206417684357,
      "std": 0.020263058651600822,
      "ci_lower": 0.886349082272722,
      "ci_upper": 0.8942922012641494,
      "n": 100
    },
    "transformation_rate": {
      "mean": 0.14028278615755163,
      "std": 0.004603257974239958,
      "ci_lower": 0.1393805475946006,
      "ci_upper": 0.14118502472050265,
      "n": 100
    }
  },
  "0.2": {
    "total_incidents": {
      "mean": 335.96,
      "std": 14.525095524642857,
      "ci_lower": 333.11308127716995,
      "ci_upper": 338.80691872283,
      "n": 100
    },
    "overall_availability": {
      "mean": 0.989339483431296,
      "std": 0.0004973627633224359,
      "ci_lower": 0.9892420003296848,
      "ci_upper": 0.9894369665329071,
      "n": 100
    },
    "final_prevention_knowledge": {
      "mean": 0.8899004531612575,
      "std": 0.019732712324088686,
      "ci_lower": 0.8860328415457361,
      "ci_upper": 0.893768064776779,
      "n": 100
    },
    "final_detection_knowledge": {
      "mean": 0.8906297898719293,
      "std": 0.020335136243763565,
      "ci_lower": 0.8866441031681517,
      "ci_upper": 0.894615476575707,
      "n": 100
    },
    "final_mitigation_knowledge": {
      "mean": 0.8903206417684357,
      "std": 0.020263058651600822,
      "ci_lower": 0.886349082272722,
      "ci_upper": 0.8942922012641494,
      "n": 100
    },
    "transformation_rate": {
      "mean": 0.14028278615755163,
      "std": 0.004603257974239958,
      "ci_lower": 0.1393805475946006,
      "ci_upper": 0.14118502472050265,
      "n": 100
    }
  },
  "0.3": {
    "total_incidents": {
      "mean": 335.96,
      "std": 14.525095524642857,
      "ci_lower": 333.11308127716995,
      "ci_upper": 338.80691872283,
      "n": 100
    },
    "overall_availability": {
      "mean": 0.9897349678252414,
      "std": 0.0004693831638631849,
      "ci_lower": 0.9896429687251243,
      "ci_upper": 0.9898269669253585,
      "n": 100
    },
    "final_prevention_knowledge": {
      "mean": 0.8899004531612575,
      "std": 0.019732712324088686,
      "ci_lower": 0.8860328415457361,
      "ci_upper": 0.893768064776779,
      "n": 100
    },
    "final_detection_knowledge": {
      "mean": 0.8906297898719293,
      "std": 0.020335136243763565,
      "ci_lower": 0.8866441031681517,
      "ci_upper": 0.894615476575707,
      "n": 100
    },
    "final_mitigation_knowledge": {
      "mean": 0.8903206417684357,
      "std": 0.020263058651600822,
      "ci_lower": 0.886349082272722,
      "ci_upper": 0.8942922012641494,
      "n": 100
    },
    "transformation_rate": {
      "mean": 0.14028278615755163,
      "std": 0.004603257974239958,
      "ci_lower": 0.1393805475946006,
      "ci_upper": 0.14118502472050265,
      "n": 100
    }
  },
  "0.5": {
    "total_incidents": {
      "mean": 335.96,
      "std": 14.525095524642857,
      "ci_lower": 333.11308127716995,
      "ci_upper": 338.80691872283,
      "n": 100
    },
    "overall_availability": {
      "mean": 0.9905153157569757,
      "std": 0.00041639612040885886,
      "ci_lower": 0.9904337021173756,
      "ci_upper": 0.9905969293965758,
      "n": 100
    },
    "final_prevention_knowledge": {
      "mean": 0.8899004531612575,
      "std": 0.019732712324088686,
      "ci_lower": 0.8860328415457361,
      "ci_upper": 0.893768064776779,
      "n": 100
    },
    "final_detection_knowledge": {
      "mean": 0.8906297898719293,
      "std": 0.020335136243763565,
      "ci_lower": 0.8866441031681517,
      "ci_upper": 0.894615476575707,
      "n": 100
    },
    "final_mitigation_knowledge": {
      "mean": 0.8903206417684357,
      "std": 0.020263058651600822,
      "ci_lower": 0.886349082272722,
      "ci_upper": 0.8942922012641494,
      "n": 100
    },
    "transformation_rate": {
      "mean": 0.14028278615755163,
      "std": 0.004603257974239958,
      "ci_lower": 0.1393805475946006,
      "ci_upper": 0.14118502472050265,
      "n": 100
    }
  },
  "0.8": {
    "total_incidents": {
      "mean": 335.96,
      "std": 14.525095524642857,
      "ci_lower": 333.11308127716995,
      "ci_upper": 338.80691872283,
      "n": 100
    },
    "overall_availability": {
      "mean": 0.9915928369449917,
      "std": 0.000351408055647125,
      "ci_lower": 0.9915239609660849,
      "ci_upper": 0.9916617129238985,
      "n": 100
    },
    "final_prevention_knowledge": {
      "mean": 0.8899004531612575,
      "std": 0.019732712324088686,
      "ci_lower": 0.8860328415457361,
      "ci_upper": 0.893768064776779,
      "n": 100
    },
    "final_detection_knowledge": {
      "mean": 0.8906297898719293,
      "std": 0.020335136243763565,
      "ci_lower": 0.8866441031681517,
      "ci_upper": 0.894615476575707,
      "n": 100
    },
    "final_mitigation_knowledge": {
      "mean": 0.8903206417684357,
      "std": 0.020263058651600822,
      "ci_lower": 0.886349082272722,
      "ci_upper": 0.8942922012641494,
      "n": 100
    },
    "transformation_rate": {
      "mean": 0.14028278615755163,
      "std": 0.004603257974239958,
      "ci_lower": 0.1393805475946006,
      "ci_upper": 0.14118502472050265,
      "n": 100
    }
  }
}