{
  "0.1": {
    "total_incidents": {
      "mean": 339.15,
      "std": 14.774555830887099,
      "ci_lower": 336.2541870571461,
      "ci_upper": 342.04581294285384,
      "n": 100
    },
    "overall_availability": {
      "mean": 0.9895792486455635,
      "std": 0.00046395176381071145,
      "ci_lower": 0.9894883140998566,
      "ci_upper": 0.9896701831912703,
      "n": 100
    },
    "final_prevention_knowledge": {
      "mean": 0.8891462563829101,
      "std": 0.01706028661874075,
      "ci_lower": 0.8858024402056369,
      "ci_upper": 0.8924900725601833,
      "n": 100
    },
    "transformation_rate": {
      "mean": 0.13626476532101583,
      "std": 0.004620068562884831,
      "ci_lower": 0.13535923188269042,
      "ci_upper": 0.13717029875934125,
      "n": 100
    }
  },
  "0.3": {
    "total_incidents": {
      "mean": 334.54,
      "std": 15.217371652161223,
      "ci_lower": 331.5573951561764,
      "ci_upper": 337.5226048438236,
      "n": 100
    },
    "overall_availability": {
      "mean": 0.9896935620663294,
      "std": 0.0005017073432659312,
      "ci_lower": 0.9895952274270493,
      "ci_upper": 0.9897918967056095,
      "n": 100
    },
    "final_prevention_knowledge": {
      "mean": 0.8905477179663361,
      "std": 0.01906571585332806,
      "ci_lower": 0.8868108376590839,
      "ci_upper": 0.8942845982735884,
      "n": 100
    },
    "transformation_rate": {
      "mean": 0.13940341448234958,
      "std": 0.004826895120394702,
      "ci_lower": 0.1384573430387522,
      "ci_upper": 0.14034948592594695,
      "n": 100
    }
  },
  "0.5": {
    "total_incidents": {
      "mean": 333.26,
      "std": 15.66309037195406,
      "ci_lower": 330.190034287097,
      "ci_upper": 336.329965712903,
      "n": 100
    },
    "overall_availability": {
      "mean": 0.989765483449348,
      "std": 0.0004724575188879862,
      "ci_lower": 0.9896728817756459,
      "ci_upper": 0.9898580851230501,
      "n": 100
    },
    "final_prevention_knowledge": {
      "mean": 0.8872244850913349,
      "std": 0.019451676366586863,
      "ci_lower": 0.8834119565234839,
      "ci_upper": 0.8910370136591859,
      "n": 100
    },
    "transformation_rate": {
      "mean": 0.14022889632194038,
      "std": 0.004959078685392506,
      "ci_lower": 0.13925691689960346,
      "ci_upper": 0.1412008757442773,
      "n": 100
    }
  },
  "0.7": {
    "total_incidents": {
      "mean": 335.96,
      "std": 14.525095524642857,
      "ci_lower": 333.11308127716995,
      "ci_upper": 338.80691872283,
      "n": 100
    },
    "overall_availability": {
      "mean": 0.9897349678252414,
      "std": 0.0004693831638631849,
      "ci_lower": 0.9896429687251243,
      "ci_upper": 0.9898269669253585,
      "n": 100
    },
    "final_prevention_knowledge": {
      "mean": 0.8899004531612575,
      "std": 0.019732712324088686,
      "ci_lower": 0.8860328415457361,
      "ci_upper": 0.893768064776779,
      "n": 100
    },
    "transformation_rate": {
      "mean": 0.14028278615755163,
      "std": 0.004603257974239958,
      "ci_lower": 0.1393805475946006,
      "ci_upper": 0.14118502472050265,
      "n": 100
    }
  },
  "0.9": {
    "total_incidents": {
      "mean": 334.8,
      "std": 14.868086628749511,
      "ci_lower": 331.8858550207651,
      "ci_upper": 337.7141449792349,
      "n": 100
    },
    "overall_availability": {
      "mean": 0.989793381811398,
      "std": 0.0004540332923771502,
      "ci_lower": 0.989704391286092,
      "ci_upper": 0.989882372336704,
      "n": 100
    },
    "final_prevention_knowledge": {
      "mean": 0.8915696601810228,
      "std": 0.01739584617706376,
      "ci_lower": 0.8881600743303183,
      "ci_upper": 0.8949792460317273,
      "n": 100
    },
    "transformation_rate": {
      "mean": 0.14057208897420104,
      "std": 0.004834360661341744,
      "ci_lower": 0.13962455428457807,
      "ci_upper": 0.141519623663824,
      "n": 100
    }
  },
  "1.0": {
    "total_incidents": {
      "mean": 335.42,
      "std": 14.742577793588204,
      "ci_lower": 332.5304547524567,
      "ci_upper": 338.3095452475433,
      "n": 100
    },
    "overall_availability": {
      "mean": 0.9897906098445857,
      "std": 0.000477353376165416,
      "ci_lower": 0.9896970485828572,
      "ci_upper": 0.9898841711063141,
      "n": 100
    },
    "final_prevention_knowledge": {
      "mean": 0.8899965292444766,
      "std": 0.019012762428844254,
      "ci_lower": 0.8862700278084231,
      "ci_upper": 0.89372303068053,
      "n": 100
    },
    "transformation_rate": {
      "mean": 0.1404705033255425,
      "std": 0.004808885036058454,
      "ci_lower": 0.13952796185847505,
      "ci_upper": 0.14141304479260997,
      "n": 100
    }
  }
}