{
  "0.1": {
    "total_incidents": {
      "mean": 336.73,
      "std": 16.39381285729467,
      "ci_lower": 333.51681267997026,
      "ci_upper": 339.9431873200298,
      "n": 100
    },
    "overall_availability": {
      "mean": 0.9896759508506375,
      "std": 0.0005579429029575195,
      "ci_lower": 0.9895665940416578,
      "ci_upper": 0.9897853076596173,
      "n": 100
    },
    "final_prevention_knowledge": {
      "mean": 0.8855947430568104,
      "std": 0.020256795082544393,
      "ci_lower": 0.8816244112206317,
      "ci_upper": 0.8895650748929891,
      "n": 100
    },
    "transformation_rate": {
      "mean": 0.1400819482859268,
      "std": 0.004558497531066674,
      "ci_lower": 0.13918848276983772,
      "ci_upper": 0.14097541380201586,
      "n": 100
    }
  },
  "0.3": {
    "total_incidents": {
      "mean": 334.41,
      "std": 14.558224479654104,
      "ci_lower": 331.55658800198785,
      "ci_upper": 337.2634119980122,
      "n": 100
    },
    "overall_availability": {
      "mean": 0.9896805653383564,
      "std": 0.0005030411946351233,
      "ci_lower": 0.9895819692642078,
      "ci_upper": 0.9897791614125049,
      "n": 100
    },
    "final_prevention_knowledge": {
      "mean": 0.8884192148100359,
      "std": 0.019552543469291857,
      "ci_lower": 0.8845869162900547,
      "ci_upper": 0.8922515133300172,
      "n": 100
    },
    "transformation_rate": {
      "mean": 0.14042369202458177,
      "std": 0.005434591813718874,
      "ci_lower": 0.13935851202909286,
      "ci_upper": 0.14148887202007068,
      "n": 100
    }
  },
  "0.5": {
    "total_incidents": {
      "mean": 334.23,
      "std": 15.873786567797866,
      "ci_lower": 331.11873783271164,
      "ci_upper": 337.3412621672884,
      "n": 100
    },
    "overall_availability": {
      "mean": 0.9897658066308702,
      "std": 0.0005276829872109864,
      "ci_lower": 0.9896623807653768,
      "ci_upper": 0.9898692324963636,
      "n": 100
    },
    "final_prevention_knowledge": {
      "mean": 0.8904973889069039,
      "std": 0.02030507808669911,
      "ci_lower": 0.8865175936019108,
      "ci_upper": 0.8944771842118969,
      "n": 100
    },
    "transformation_rate": {
      "mean": 0.1402168681476406,
      "std": 0.004796229431081783,
      "ci_lower": 0.13927680717914856,
      "ci_upper": 0.14115692911613262,
      "n": 100
    }
  },
  "0.6": {
    "total_incidents": {
      "mean": 335.96,
      "std": 14.525095524642857,
      "ci_lower": 333.11308127716995,
      "ci_upper": 338.80691872283,
      "n": 100
    },
    "overall_availability": {
      "mean": 0.9897349678252414,
      "std": 0.0004693831638631849,
      "ci_lower": 0.9896429687251243,
      "ci_upper": 0.9898269669253585,
      "n": 100
    },
    "final_prevention_knowledge": {
      "mean": 0.8899004531612575,
      "std": 0.019732712324088686,
      "ci_lower": 0.8860328415457361,
      "ci_upper": 0.893768064776779,
      "n": 100
    },
    "transformation_rate": {
      "mean": 0.14028278615755163,
      "std": 0.004603257974239958,
      "ci_lower": 0.1393805475946006,
      "ci_upper": 0.14118502472050265,
      "n": 100
    }
  },
  "0.8": {
    "total_incidents": {
      "mean": 334.79,
      "std": 13.763934757183353,
      "ci_lower": 332.0922687875921,
      "ci_upper": 337.48773121240794,
      "n": 100
    },
    "overall_availability": {
      "mean": 0.989821790453903,
      "std": 0.00045703606627220075,
      "ci_lower": 0.9897322113849136,
      "ci_upper": 0.9899113695228923,
      "n": 100
    },
    "final_prevention_knowledge": {
      "mean": 0.8901201960413817,
      "std": 0.018876416036558628,
      "ci_lower": 0.8864204184982162,
      "ci_upper": 0.8938199735845472,
      "n": 100
    },
    "transformation_rate": {
      "mean": 0.14020750342106933,
      "std": 0.005312568683571782,
      "ci_lower": 0.13916623995908925,
      "ci_upper": 0.1412487668830494,
      "n": 100
    }
  },
  "1.0": {
    "total_incidents": {
      "mean": 334.44,
      "std": 15.204815026826205,
      "ci_lower": 331.4598562547421,
      "ci_upper": 337.4201437452579,
      "n": 100
    },
    "overall_availability": {
      "mean": 0.9897526545428987,
      "std": 0.0004636168442780328,
      "ci_lower": 0.9896617856414203,
      "ci_upper": 0.9898435234443772,
      "n": 100
    },
    "final_prevention_knowledge": {
      "mean": 0.8899987040451909,
      "std": 0.02011090142901488,
      "ci_lower": 0.886056967365104,
      "ci_upper": 0.8939404407252778,
      "n": 100
    },
    "transformation_rate": {
      "mean": 0.14060664423848504,
      "std": 0.0052255224446033045,
      "ci_lower": 0.1395824418393428,
      "ci_upper": 0.1416308466376273,
      "n": 100
    }
  }
}