{
  "1.0": {
    "total_incidents": {
      "mean": 267.9,
      "std": 13.392161886715677,
      "ci_lower": 265.2751362702037,
      "ci_upper": 270.52486372979627,
      "n": 100
    },
    "overall_availability": {
      "mean": 0.9913626717878877,
      "std": 0.00045031090905557587,
      "ci_lower": 0.9912744108497128,
      "ci_upper": 0.9914509327260627,
      "n": 100
    },
    "final_prevention_knowledge": {
      "mean": 0.8168635328335294,
      "std": 0.027025169947146748,
      "ci_lower": 0.8115665995238887,
      "ci_upper": 0.8221604661431702,
      "n": 100
    },
    "final_detection_knowledge": {
      "mean": 0.8163186633864505,
      "std": 0.025644000625243208,
      "ci_lower": 0.8112924392639028,
      "ci_upper": 0.8213448875089983,
      "n": 100
    },
    "final_mitigation_knowledge": {
      "mean": 0.8156725179265029,
      "std": 0.02556977263411409,
      "ci_lower": 0.8106608424902165,
      "ci_upper": 0.8206841933627892,
      "n": 100
    },
    "transformation_rate": {
      "mean": 0.14012871449335595,
      "std": 0.005189698338738675,
      "ci_lower": 0.13911153361896317,
      "ci_upper": 0.14114589536774874,
      "n": 100
    }
  },
  "1.2": {
    "total_incidents": {
      "mean": 295.44,
      "std": 13.70278803747617,
      "ci_lower": 292.75425354465466,
      "ci_upper": 298.12574645534534,
      "n": 100
    },
    "overall_availability": {
      "mean": 0.9906494378015954,
      "std": 0.00047007830881636025,
      "ci_lower": 0.9905573024530674,
      "ci_upper": 0.9907415731501235,
      "n": 100
    },
    "final_prevention_knowledge": {
      "mean": 0.853383445513463,
      "std": 0.02172342099922118,
      "ci_lower": 0.8491256549976156,
      "ci_upper": 0.8576412360293104,
      "n": 100
    },
    "final_detection_knowledge": {
      "mean": 0.8547814934085833,
      "std": 0.022733748827068342,
      "ci_lower": 0.850325678638478,
      "ci_upper": 0.8592373081786887,
      "n": 100
    },
    "final_mitigation_knowledge": {
      "mean": 0.8531112898378407,
      "std": 0.02229569310221382,
      "ci_lower": 0.8487413339898068,
      "ci_upper": 0.8574812456858746,
      "n": 100
    },
    "transformation_rate": {
      "mean": 0.1404006081443695,
      "std": 0.00479018624715786,
      "ci_lower": 0.13946173163992656,
      "ci_upper": 0.14133948464881244,
      "n": 100
    }
  },
  "1.5": {
    "total_incidents": {
      "mean": 335.96,
      "std": 14.525095524642857,
      "ci_lower": 333.11308127716995,
      "ci_upper": 338.80691872283,
      "n": 100
    },
    "overall_availability": {
      "mean": 0.9897349678252414,
      "std": 0.0004693831638631849,
      "ci_lower": 0.9896429687251243,
      "ci_upper": 0.9898269669253585,
      "n": 100
    },
    "final_prevention_knowledge": {
      "mean": 0.8899004531612575,
      "std": 0.019732712324088686,
      "ci_lower": 0.8860328415457361,
      "ci_upper": 0.893768064776779,
      "n": 100
    },
    "final_detection_knowledge": {
      "mean": 0.8906297898719293,
      "std": 0.020335136243763565,
      "ci_lower": 0.8866441031681517,
      "ci_upper": 0.894615476575707,
      "n": 100
    },
    "final_mitigation_knowledge": {
      "mean": 0.8903206417684357,
      "std": 0.020263058651600822,
      "ci_lower": 0.886349082272722,
      "ci_upper": 0.8942922012641494,
      "n": 100
    },
    "transformation_rate": {
      "mean": 0.14028278615755163,
      "std": 0.004603257974239958,
      "ci_lower": 0.1393805475946006,
      "ci_upper": 0.14118502472050265,
      "n": 100
    }
  },
  "2.0": {
    "total_incidents": {
      "mean": 395.59,
      "std": 17.03531332262486,
      "ci_lower": 392.2510785887655,
      "ci_upper": 398.92892141123446,
      "n": 100
    },
    "overall_availability": {
      "mean": 0.9884275646231189,
      "std": 0.0005488210892250144,
      "ci_lower": 0.9883199956896308,
      "ci_upper": 0.9885351335566069,
      "n": 100
    },
    "final_prevention_knowledge": {
      "mean": 0.9286464202739994,
      "std": 0.014975731601932838,
      "ci_lower": 0.9257111768800205,
      "ci_upper": 0.9315816636679782,
      "n": 100
    },
    "final_detection_knowledge": {
      "mean": 0.9282542889711465,
      "std": 0.0156831798053536,
      "ci_lower": 0.9251803857292972,
      "ci_upper": 0.9313281922129958,
      "n": 100
    },
    "final_mitigation_knowledge": {
      "mean": 0.9281966775960991,
      "std": 0.01582702694982437,
      "ci_lower": 0.9250945803139335,
      "ci_upper": 0.9312987748782647,
      "n": 100
    },
    "transformation_rate": {
      "mean": 0.14033023250144802,
      "std": 0.00440717961207529,
      "ci_lower": 0.13946642529748127,
      "ci_upper": 0.14119403970541478,
      "n": 100
    }
  },
  "3.0": {
    "total_incidents": {
      "mean": 518.11,
      "std": 19.72353670110916,
      "ci_lower": 514.2441868065827,
      "ci_upper": 521.9758131934174,
      "n": 100
    },
    "overall_availability": {
      "mean": 0.9861867636094465,
      "std": 0.0005568254788719724,
      "ci_lower": 0.9860776258155876,
      "ci_upper": 0.9862959014033054,
      "n": 100
    },
    "final_prevention_knowledge": {
      "mean": 0.9643331748482545,
      "std": 0.006925417464707684,
      "ci_lower": 0.9629757930251718,
      "ci_upper": 0.9656905566713373,
      "n": 100
    },
    "final_detection_knowledge": {
      "mean": 0.9642257523579574,
      "std": 0.006717488347976987,
      "ci_lower": 0.9629091246417539,
      "ci_upper": 0.9655423800741608,
      "n": 100
    },
    "final_mitigation_knowledge": {
      "mean": 0.964456426453916,
      "std": 0.006888174614785301,
      "ci_lower": 0.9631063442294181,
      "ci_upper": 0.965806508678414,
      "n": 100
    },
    "transformation_rate": {
      "mean": 0.14042887171867022,
      "std": 0.0049832878270425355,
      "ci_lower": 0.13945214730456987,
      "ci_upper": 0.14140559613277057,
      "n": 100
    }
  },
  "5.0": {
    "total_incidents": {
      "mean": 762.55,
      "std": 22.595298183471712,
      "ci_lower": 758.1213215560394,
      "ci_upper": 766.9786784439605,
      "n": 100
    },
    "overall_availability": {
      "mean": 0.9823465573863114,
      "std": 0.0006473861578765127,
      "ci_lower": 0.9822196696993676,
      "ci_upper": 0.9824734450732552,
      "n": 100
    },
    "final_prevention_knowledge": {
      "mean": 0.9836764567763648,
      "std": 0.0031331190742549283,
      "ci_lower": 0.9830623654378109,
      "ci_upper": 0.9842905481149188,
      "n": 100
    },
    "final_detection_knowledge": {
      "mean": 0.983742731665415,
      "std": 0.0031143220606084142,
      "ci_lower": 0.9831323245415358,
      "ci_upper": 0.9843531387892943,
      "n": 100
    },
    "final_mitigation_knowledge": {
      "mean": 0.983687635915974,
      "std": 0.003157809399676597,
      "ci_lower": 0.9830687052736373,
      "ci_upper": 0.9843065665583106,
      "n": 100
    },
    "transformation_rate": {
      "mean": 0.14097343306787405,
      "std": 0.004627236984121928,
      "ci_lower": 0.14006649461898615,
      "ci_upper": 0.14188037151676194,
      "n": 100
    }
  }
}