{
  "0.0": {
    "total_incidents": {
      "mean": 335.96,
      "std": 14.525095524642857,
      "ci_lower": 333.11308127716995,
      "ci_upper": 338.80691872283,
      "n": 100
    },
    "overall_availability": {
      "mean": 0.9889274049467336,
      "std": 0.0005189003967763593,
      "ci_lower": 0.9888257004689655,
      "ci_upper": 0.9890291094245017,
      "n": 100
    },
    "final_prevention_knowledge": {
      "mean": 0.8899004531612575,
      "std": 0.019732712324088686,
      "ci_lower": 0.8860328415457361,
      "ci_upper": 0.893768064776779,
      "n": 100
    },
    "final_detection_knowledge": {
      "mean": 0.8906297898719293,
      "std": 0.020335136243763565,
      "ci_lower": 0.8866441031681517,
      "ci_upper": 0.894615476575707,
      "n": 100
    },
    "final_mitigation_knowledge": {
      "mean": 0.8903206417684357,
      "std": 0.020263058651600822,
      "ci_lower": 0.886349082272722,
      "ci_upper": 0.8942922012641494,
      "n": 100
    },
    "transformation_rate": {
      "mean": 0.14028278615755163,
      "std": 0.004603257974239958,
      "ci_lower": 0.1393805475946006,
      "ci_upper": 0.14118502472050265,
      "n": 100
    }
  },
  "0.1": {
    "total_incidents": {
      "mean": 335.96,
      "std": 14.525095524642857,
      "ci_lower": 333.11308127716995,
      "ci_upper": 338.80691872283,
      "n": 100
    },
    "overall_availability": {
      "mean": 0.9891965131495648,
      "std": 0.0005021390856919604,
      "ci_lower": 0.9890980938887691,
      "ci_upper": 0.9892949324103605,
      "n": 100
    },
    "final_prevention_knowledge": {
      "mean": 0.8899004531612575,
      "std": 0.019732712324088686,
      "ci_lower": 0.8860328415457361,
      "ci_upper": 0.893768064776779,
      "n": 100
    },
    "final_detection_knowledge": {
      "mean": 0.8906297898719293,
      "std": 0.020335136243763565,
      "ci_lower": 0.8866441031681517,
      "ci_upper": 0.894615476575707,
      "n": 100
    },
    "final_mitigation_knowledge": {
      "mean": 0.8903206417684357,
      "std": 0.020263058651600822,
      "ci_lower": 0.886349082272722,
      "ci_upper": 0.8942922012641494,
      "n": 100
    },
    "transformation_rate": {
      "mean": 0.14028278615755163,
      "std": 0.004603257974239958,
      "ci_lower": 0.1393805475946006,
      "ci_upper": 0.14118502472050265,
      "n": 100
    }
  },
  "0.2": {
    "total_incidents": {
      "mean": 335.96,
      "std": 14.525095524642857,
      "ci_lower": 333.11308127716995,
      "ci_upper": 338.80691872283,
      "n": 100
    },
    "overall_availability": {
      "mean": 0.989465706504181,
      "std": 0.00048562292082969836,
      "ci_lower": 0.9893705244116984,
      "ci_upper": 0.9895608885966636,
      "n": 100
    },
    "final_prevention_knowledge": {
      "mean": 0.8899004531612575,
      "std": 0.019732712324088686,
      "ci_lower": 0.8860328415457361,
      "ci_upper": 0.893768064776779,
      "n": 100
    },
    "final_detection_knowledge": {
      "mean": 0.8906297898719293,
      "std": 0.020335136243763565,
      "ci_lower": 0.8866441031681517,
      "ci_upper": 0.894615476575707,
      "n": 100
    },
    "final_mitigation_knowledge": {
      "mean": 0.8903206417684357,
      "std": 0.020263058651600822,
      "ci_lower": 0.886349082272722,
      "ci_upper": 0.8942922012641494,
      "n": 100
    },
    "transformation_rate": {
      "mean": 0.14028278615755163,
      "std": 0.004603257974239958,
      "ci_lower": 0.1393805475946006,
      "ci_upper": 0.14118502472050265,
      "n": 100
    }
  },
  "0.3": {
    "total_incidents": {
      "mean": 335.96,
      "std": 14.525095524642857,
      "ci_lower": 333.11308127716995,
      "ci_upper": 338.80691872283,
      "n": 100
    },
    "overall_availability": {
      "mean": 0.9897349678252414,
      "std": 0.0004693831638631849,
      "ci_lower": 0.9896429687251243,
      "ci_upper": 0.9898269669253585,
      "n": 100
    },
    "final_prevention_knowledge": {
      "mean": 0.8899004531612575,
      "std": 0.019732712324088686,
      "ci_lower": 0.8860328415457361,
      "ci_upper": 0.893768064776779,
      "n": 100
    },
    "final_detection_knowledge": {
      "mean": 0.8906297898719293,
      "std": 0.020335136243763565,
      "ci_lower": 0.8866441031681517,
      "ci_upper": 0.894615476575707,
      "n": 100
    },
    "final_mitigation_knowledge": {
      "mean": 0.8903206417684357,
      "std": 0.020263058651600822,
      "ci_lower": 0.886349082272722,
      "ci_upper": 0.8942922012641494,
      "n": 100
    },
    "transformation_rate": {
      "mean": 0.14028278615755163,
      "std": 0.004603257974239958,
      "ci_lower": 0.1393805475946006,
      "ci_upper": 0.14118502472050265,
      "n": 100
    }
  },
  "0.5": {
    "total_incidents": {
      "mean": 335.96,
      "std": 14.525095524642857,
      "ci_lower": 333.11308127716995,
      "ci_upper": 338.80691872283,
      "n": 100
    },
    "overall_availability": {
      "mean": 0.9902735399536151,
      "std": 0.00043786004208482644,
      "ci_lower": 0.9901877193853665,
      "ci_upper": 0.9903593605218637,
      "n": 100
    },
    "final_prevention_knowledge": {
      "mean": 0.8899004531612575,
      "std": 0.019732712324088686,
      "ci_lower": 0.8860328415457361,
      "ci_upper": 0.893768064776779,
      "n": 100
    },
    "final_detection_knowledge": {
      "mean": 0.8906297898719293,
      "std": 0.020335136243763565,
      "ci_lower": 0.8866441031681517,
      "ci_upper": 0.894615476575707,
      "n": 100
    },
    "final_mitigation_knowledge": {
      "mean": 0.8903206417684357,
      "std": 0.020263058651600822,
      "ci_lower": 0.886349082272722,
      "ci_upper": 0.8942922012641494,
      "n": 100
    },
    "transformation_rate": {
      "mean": 0.14028278615755163,
      "std": 0.004603257974239958,
      "ci_lower": 0.1393805475946006,
      "ci_upper": 0.14118502472050265,
      "n": 100
    }
  },
  "0.8": {
    "total_incidents": {
      "mean": 335.96,
      "std": 14.525095524642857,
      "ci_lower": 333.11308127716995,
      "ci_upper": 338.80691872283,
      "n": 100
    },
    "overall_availability": {
      "mean": 0.9910784442672907,
      "std": 0.00039414337386403105,
      "ci_lower": 0.9910011921660133,
      "ci_upper": 0.9911556963685682,
      "n": 100
    },
    "final_prevention_knowledge": {
      "mean": 0.8899004531612575,
      "std": 0.019732712324088686,
      "ci_lower": 0.8860328415457361,
      "ci_upper": 0.893768064776779,
      "n": 100
    },
    "final_detection_knowledge": {
      "mean": 0.8906297898719293,
      "std": 0.020335136243763565,
      "ci_lower": 0.8866441031681517,
      "ci_upper": 0.894615476575707,
      "n": 100
    },
    "final_mitigation_knowledge": {
      "mean": 0.8903206417684357,
      "std": 0.020263058651600822,
      "ci_lower": 0.886349082272722,
      "ci_upper": 0.8942922012641494,
      "n": 100
    },
    "transformation_rate": {
      "mean": 0.14028278615755163,
      "std": 0.004603257974239958,
      "ci_lower": 0.1393805475946006,
      "ci_upper": 0.14118502472050265,
      "n": 100
    }
  }
}