{
  "NONE": {
    "total_incidents": {
      "mean": 484.33,
      "std": 22.817561219376625,
      "ci_lower": 479.85775800100214,
      "ci_upper": 488.80224199899783,
      "min": 425.0,
      "max": 537.0,
      "n": 100
    },
    "total_engineering_cost": {
      "mean": 1969.9666477692167,
      "std": 103.27132446916721,
      "ci_lower": 1949.72546817326,
      "ci_upper": 1990.2078273651734,
      "min": 1687.1825056967334,
      "max": 2223.926615549236,
      "n": 100
    },
    "total_learning_cost": {
      "mean": 0.0,
      "std": 0.0,
      "ci_lower": 0.0,
      "ci_upper": 0.0,
      "min": 0.0,
      "max": 0.0,
      "n": 100
    },
    "overall_availability": {
      "mean": 0.9828814316861084,
      "std": 0.0008433544737898052,
      "ci_lower": 0.9827161342092456,
      "ci_upper": 0.9830467291629712,
      "min": 0.9805415395139279,
      "max": 0.9855165397307698,
      "n": 100
    },
    "final_prevention_knowledge": {
      "mean": 0.0,
      "std": 0.0,
      "ci_lower": 0.0,
      "ci_upper": 0.0,
      "min": 0.0,
      "max": 0.0,
      "n": 100
    },
    "final_detection_knowledge": {
      "mean": 0.0,
      "std": 0.0,
      "ci_lower": 0.0,
      "ci_upper": 0.0,
      "min": 0.0,
      "max": 0.0,
      "n": 100
    },
    "final_mitigation_knowledge": {
      "mean": 0.0,
      "std": 0.0,
      "ci_lower": 0.0,
      "ci_upper": 0.0,
      "min": 0.0,
      "max": 0.0,
      "n": 100
    },
    "transformation_rate": {
      "mean": 0.0,
      "std": 0.0,
      "ci_lower": 0.0,
      "ci_upper": 0.0,
      "min": 0.0,
      "max": 0.0,
      "n": 100
    }
  },
  "LOCAL": {
    "total_incidents": {
      "mean": 406.42,
      "std": 16.25372572673724,
      "ci_lower": 403.2342697575595,
      "ci_upper": 409.60573024244053,
      "min": 371.0,
      "max": 443.0,
      "n": 100
    },
    "total_engineering_cost": {
      "mean": 1377.38005893871,
      "std": 54.8055761544477,
      "ci_lower": 1366.6381660124382,
      "ci_upper": 1388.1219518649816,
      "min": 1268.6937966998057,
      "max": 1535.9698201916883,
      "n": 100
    },
    "total_learning_cost": {
      "mean": 0.0,
      "std": 0.0,
      "ci_lower": 0.0,
      "ci_upper": 0.0,
      "min": 0.0,
      "max": 0.0,
      "n": 100
    },
    "overall_availability": {
      "mean": 0.9866497270412475,
      "std": 0.0005608175814668015,
      "ci_lower": 0.9865398067952801,
      "ci_upper": 0.986759647287215,
      "min": 0.9851648482888745,
      "max": 0.9882684392043868,
      "n": 100
    },
    "final_prevention_knowledge": {
      "mean": 0.5547245829537633,
      "std": 0.020160776837832125,
      "ci_lower": 0.5507730706935482,
      "ci_upper": 0.5586760952139783,
      "min": 0.5046364585580017,
      "max": 0.5988306321666683,
      "n": 100
    },
    "final_detection_knowledge": {
      "mean": 0.5545285616531966,
      "std": 0.019475159170618532,
      "ci_lower": 0.5507114304557554,
      "ci_upper": 0.5583456928506378,
      "min": 0.5029539243150333,
      "max": 0.598518216558444,
      "n": 100
    },
    "final_mitigation_knowledge": {
      "mean": 0.5550731973583565,
      "std": 0.021320641651363076,
      "ci_lower": 0.5508943515946894,
      "ci_upper": 0.5592520431220236,
      "min": 0.5043914605478185,
      "max": 0.5948467199194468,
      "n": 100
    },
    "transformation_rate": {
      "mean": 0.0,
      "std": 0.0,
      "ci_lower": 0.0,
      "ci_upper": 0.0,
      "min": 0.0,
      "max": 0.0,
      "n": 100
    }
  },
  "NEIGHBOR": {
    "total_incidents": {
      "mean": 335.96,
      "std": 14.525095524642857,
      "ci_lower": 333.11308127716995,
      "ci_upper": 338.80691872283,
      "min": 292.0,
      "max": 387.0,
      "n": 100
    },
    "total_engineering_cost": {
      "mean": 958.5498425387924,
      "std": 43.51312878698454,
      "ci_lower": 950.0212692965434,
      "ci_upper": 967.0784157810414,
      "min": 852.7492938199819,
      "max": 1064.2047707609688,
      "n": 100
    },
    "total_learning_cost": {
      "mean": 1786.0,
      "std": 94.97452289956502,
      "ci_lower": 1767.3849935116853,
      "ci_upper": 1804.6150064883147,
      "min": 1552.0,
      "max": 2068.0,
      "n": 100
    },
    "overall_availability": {
      "mean": 0.9897349678252414,
      "std": 0.0004693831638631849,
      "ci_lower": 0.9896429687251243,
      "ci_upper": 0.9898269669253585,
      "min": 0.9887344531078931,
      "max": 0.9909574719919924,
      "n": 100
    },
    "final_prevention_knowledge": {
      "mean": 0.8899004531612575,
      "std": 0.019732712324088686,
      "ci_lower": 0.8860328415457361,
      "ci_upper": 0.893768064776779,
      "min": 0.8418933247766427,
      "max": 0.9317023918667691,
      "n": 100
    },
    "final_detection_knowledge": {
      "mean": 0.8906297898719293,
      "std": 0.020335136243763565,
      "ci_lower": 0.8866441031681517,
      "ci_upper": 0.894615476575707,
      "min": 0.8429515328385806,
      "max": 0.9324570829798408,
      "n": 100
    },
    "final_mitigation_knowledge": {
      "mean": 0.8903206417684357,
      "std": 0.020263058651600822,
      "ci_lower": 0.886349082272722,
      "ci_upper": 0.8942922012641494,
      "min": 0.8422995515512575,
      "max": 0.9401490325989758,
      "n": 100
    },
    "transformation_rate": {
      "mean": 0.14028278615755163,
      "std": 0.004603257974239958,
      "ci_lower": 0.1393805475946006,
      "ci_upper": 0.14118502472050265,
      "min": 0.12429031763081172,
      "max": 0.1536107711138311,
      "n": 100
    }
  },
  "GLOBAL": {
    "total_incidents": {
      "mean": 265.63,
      "std": 13.92167734147003,
      "ci_lower": 262.9013512410719,
      "ci_upper": 268.3586487589281,
      "min": 235.0,
      "max": 301.0,
      "n": 100
    },
    "total_engineering_cost": {
      "mean": 609.1311545032662,
      "std": 37.03294088094619,
      "ci_lower": 601.8726980906007,
      "ci_upper": 616.3896109159317,
      "min": 509.01558033959947,
      "max": 699.9552342569509,
      "n": 100
    },
    "total_learning_cost": {
      "mean": 9005.04,
      "std": 474.9804610718213,
      "ci_lower": 8911.943829629923,
      "ci_upper": 9098.136170370079,
      "min": 7994.0,
      "max": 10108.0,
      "n": 100
    },
    "overall_availability": {
      "mean": 0.9925788121232558,
      "std": 0.00041538696283228505,
      "ci_lower": 0.9924973962785407,
      "ci_upper": 0.9926602279679709,
      "min": 0.9914948102980093,
      "max": 0.9936047239567259,
      "n": 100
    },
    "final_prevention_knowledge": {
      "mean": 0.9920640682647671,
      "std": 0.002990521745867586,
      "ci_lower": 0.9914779260025771,
      "ci_upper": 0.9926502105269571,
      "min": 0.9842908108021136,
      "max": 0.9970893146827409,
      "n": 100
    },
    "final_detection_knowledge": {
      "mean": 0.9920629586344742,
      "std": 0.002990890097430503,
      "ci_lower": 0.9914767441753779,
      "ci_upper": 0.9926491730935706,
      "min": 0.9842692293005129,
      "max": 0.9970893146827409,
      "n": 100
    },
    "final_mitigation_knowledge": {
      "mean": 0.9920649700453079,
      "std": 0.002988994973145005,
      "ci_lower": 0.9914791270305715,
      "ci_upper": 0.9926508130600443,
      "min": 0.9842908108021136,
      "max": 0.9970893146827409,
      "n": 100
    },
    "transformation_rate": {
      "mean": 0.89465275336215,
      "std": 0.005344524629018756,
      "ci_lower": 0.8936052265348623,
      "ci_upper": 0.8957002801894377,
      "min": 0.8771929824561403,
      "max": 0.9090343970161624,
      "n": 100
    }
  }
}