{
  "erdos_renyi": {
    "total_incidents": {
      "mean": 323.31,
      "std": 16.344231398264036,
      "ci_lower": 320.10653064594027,
      "ci_upper": 326.51346935405974,
      "min": 277.0,
      "max": 368.0,
      "n": 100
    },
    "total_engineering_cost": {
      "mean": 898.2083090389377,
      "std": 47.69593164035633,
      "ci_lower": 888.8599064374279,
      "ci_upper": 907.5567116404476,
      "min": 791.3680364411522,
      "max": 1025.8809049769918,
      "n": 100
    },
    "total_learning_cost": {
      "mean": 2413.0,
      "std": 265.5511250211529,
      "ci_lower": 2360.951979495854,
      "ci_upper": 2465.048020504146,
      "min": 1592.0,
      "max": 2996.0,
      "n": 100
    },
    "overall_availability": {
      "mean": 0.9902365957189567,
      "std": 0.0005135449591811233,
      "ci_lower": 0.9901359409069572,
      "ci_upper": 0.9903372505309562,
      "min": 0.9886845290647872,
      "max": 0.9914210000037976,
      "n": 100
    },
    "final_prevention_knowledge": {
      "mean": 0.9157792050004693,
      "std": 0.023525803166565336,
      "ci_lower": 0.9111681475798225,
      "ci_upper": 0.9203902624211161,
      "min": 0.8442873493585672,
      "max": 0.9630216150494718,
      "n": 100
    },
    "final_detection_knowledge": {
      "mean": 0.9161163536901035,
      "std": 0.023286460027154694,
      "ci_lower": 0.9115522075247812,
      "ci_upper": 0.9206804998554258,
      "min": 0.8451823730934231,
      "max": 0.966667391734197,
      "n": 100
    },
    "final_mitigation_knowledge": {
      "mean": 0.9161680043458884,
      "std": 0.02386931205492322,
      "ci_lower": 0.9114896191831234,
      "ci_upper": 0.9208463895086534,
      "min": 0.8514613234742451,
      "max": 0.9633190462665148,
      "n": 100
    },
    "transformation_rate": {
      "mean": 0.19729223952897726,
      "std": 0.022793405061544716,
      "ci_lower": 0.1928247321369145,
      "ci_upper": 0.20175974692104,
      "min": 0.1242603550295858,
      "max": 0.2593490304709141,
      "n": 100
    },
    "midpoint_prevention_knowledge": {
      "mean": 0.782359342243199,
      "std": 0.04255232082147674,
      "ci_lower": 0.7740190873621896,
      "ci_upper": 0.7906995971242085,
      "min": 0.6415686531823104,
      "max": 0.8677602462327022,
      "n": 100
    }
  },
  "complete": {
    "total_incidents": {
      "mean": 273.13,
      "std": 12.464072368210962,
      "ci_lower": 270.68704181583064,
      "ci_upper": 275.57295818416935,
      "min": 239.0,
      "max": 306.0,
      "n": 100
    },
    "total_engineering_cost": {
      "mean": 643.8224915010966,
      "std": 31.962626210143284,
      "ci_lower": 637.5578167639085,
      "ci_upper": 650.0871662382847,
      "min": 555.2100786993027,
      "max": 708.2025479685796,
      "n": 100
    },
    "total_learning_cost": {
      "mean": 6942.3,
      "std": 332.3827161571432,
      "ci_lower": 6877.1529876332,
      "ci_upper": 7007.447012366801,
      "min": 6094.0,
      "max": 7792.0,
      "n": 100
    },
    "overall_availability": {
      "mean": 0.9923195477742022,
      "std": 0.0004000753568702584,
      "ci_lower": 0.9922411330042556,
      "ci_upper": 0.9923979625441487,
      "min": 0.9915494967839319,
      "max": 0.9934430311926402,
      "n": 100
    },
    "final_prevention_knowledge": {
      "mean": 0.989791884461167,
      "std": 0.0030306476726142863,
      "ci_lower": 0.9891978775173346,
      "ci_upper": 0.9903858914049993,
      "min": 0.9808547396836367,
      "max": 0.9954872095207101,
      "n": 100
    },
    "final_detection_knowledge": {
      "mean": 0.9898001998171674,
      "std": 0.003024296287602121,
      "ci_lower": 0.9892074377447974,
      "ci_upper": 0.9903929618895374,
      "min": 0.9808547396836367,
      "max": 0.9954872095207101,
      "n": 100
    },
    "final_mitigation_knowledge": {
      "mean": 0.9897986632000506,
      "std": 0.003026824514215763,
      "ci_lower": 0.9892054055952644,
      "ci_upper": 0.9903919208048368,
      "min": 0.9808547396836367,
      "max": 0.9954872095207101,
      "n": 100
    },
    "transformation_rate": {
      "mean": 0.6709121718176084,
      "std": 0.011400274904641971,
      "ci_lower": 0.6686777179362986,
      "ci_upper": 0.6731466256989183,
      "min": 0.645727221279004,
      "max": 0.6974192237350132,
      "n": 100
    },
    "midpoint_prevention_knowledge": {
      "mean": 0.9840137980603652,
      "std": 0.011832613423049584,
      "ci_lower": 0.9816946058294475,
      "ci_upper": 0.9863329902912829,
      "min": 0.9091565783438602,
      "max": 0.9945098103593907,
      "n": 100
    }
  },
  "watts_strogatz": {
    "total_incidents": {
      "mean": 335.96,
      "std": 14.525095524642857,
      "ci_lower": 333.11308127716995,
      "ci_upper": 338.80691872283,
      "min": 292.0,
      "max": 387.0,
      "n": 100
    },
    "total_engineering_cost": {
      "mean": 958.5498425387924,
      "std": 43.51312878698454,
      "ci_lower": 950.0212692965434,
      "ci_upper": 967.0784157810414,
      "min": 852.7492938199819,
      "max": 1064.2047707609688,
      "n": 100
    },
    "total_learning_cost": {
      "mean": 1786.0,
      "std": 94.97452289956502,
      "ci_lower": 1767.3849935116853,
      "ci_upper": 1804.6150064883147,
      "min": 1552.0,
      "max": 2068.0,
      "n": 100
    },
    "overall_availability": {
      "mean": 0.9897349678252414,
      "std": 0.0004693831638631849,
      "ci_lower": 0.9896429687251243,
      "ci_upper": 0.9898269669253585,
      "min": 0.9887344531078931,
      "max": 0.9909574719919924,
      "n": 100
    },
    "final_prevention_knowledge": {
      "mean": 0.8899004531612575,
      "std": 0.019732712324088686,
      "ci_lower": 0.8860328415457361,
      "ci_upper": 0.893768064776779,
      "min": 0.8418933247766427,
      "max": 0.9317023918667691,
      "n": 100
    },
    "final_detection_knowledge": {
      "mean": 0.8906297898719293,
      "std": 0.020335136243763565,
      "ci_lower": 0.8866441031681517,
      "ci_upper": 0.894615476575707,
      "min": 0.8429515328385806,
      "max": 0.9324570829798408,
      "n": 100
    },
    "final_mitigation_knowledge": {
      "mean": 0.8903206417684357,
      "std": 0.020263058651600822,
      "ci_lower": 0.886349082272722,
      "ci_upper": 0.8942922012641494,
      "min": 0.8422995515512575,
      "max": 0.9401490325989758,
      "n": 100
    },
    "transformation_rate": {
      "mean": 0.14028278615755163,
      "std": 0.004603257974239958,
      "ci_lower": 0.1393805475946006,
      "ci_upper": 0.14118502472050265,
      "min": 0.12429031763081172,
      "max": 0.1536107711138311,
      "n": 100
    },
    "midpoint_prevention_knowledge": {
      "mean": 0.7118125857229687,
      "std": 0.03442414702898313,
      "ci_lower": 0.705065452905288,
      "ci_upper": 0.7185597185406494,
      "min": 0.6385952986582919,
      "max": 0.7855818423504506,
      "n": 100
    }
  },
  "barabasi_albert": {
    "total_incidents": {
      "mean": 346.91,
      "std": 16.369541838426635,
      "ci_lower": 343.7015697996684,
      "ci_upper": 350.11843020033166,
      "min": 307.0,
      "max": 396.0,
      "n": 100
    },
    "total_engineering_cost": {
      "mean": 1024.334382674255,
      "std": 48.98281362160272,
      "ci_lower": 1014.7337512044209,
      "ci_upper": 1033.935014144089,
      "min": 924.2533824903715,
      "max": 1170.5847070609022,
      "n": 100
    },
    "total_learning_cost": {
      "mean": 1588.54,
      "std": 102.99314734485979,
      "ci_lower": 1568.3533431204075,
      "ci_upper": 1608.7266568795924,
      "min": 1344.0,
      "max": 1800.0,
      "n": 100
    },
    "overall_availability": {
      "mean": 0.989206784321153,
      "std": 0.0004996915313204859,
      "ci_lower": 0.9891088447810142,
      "ci_upper": 0.9893047238612919,
      "min": 0.9878502654928845,
      "max": 0.9903715672027302,
      "n": 100
    },